{
 "caps_offset_on_base": [
  2.827000000005242e-05,
  -4.080224399999999,
  9.43790864
 ],
 "bounds": {
  "sym_cloud": [
   [
    -5.9724,
    -4.4184,
    2.5
   ],
   [
    6.14,
    5.2715,
    3.1
   ]
  ],
  "sym_cat": [
   [
    -6.1756,
    -4.7268,
    2.5
   ],
   [
    6.2423,
    4.8032,
    3.1
   ]
  ],
  "sym_paw": [
   [
    -6.0028,
    -4.862,
    2.5
   ],
   [
    5.9062,
    5.462,
    3.1
   ]
  ],
  "sym_airplane": [
   [
    -5.8708,
    -5.7541,
    2.5
   ],
   [
    5.4692,
    5.5805,
    3.1
   ]
  ],
  "caps": [
   [
    -9.0,
    -9.0,
    -2.5
   ],
   [
    9.0,
    9.0,
    2.5
   ]
  ],
  "ch_A": [
   [
    -4.333,
    -5.0129,
    2.485
   ],
   [
    4.3739,
    5.4903,
    3.085
   ]
  ],
  "sym_coffee": [
   [
    -5.2132,
    -5.7881,
    2.5
   ],
   [
    5.2147,
    5.7985,
    3.1
   ]
  ],
  "sym_music_note": [
   [
    -5.4503,
    -5.7408,
    2.5
   ],
   [
    5.057,
    5.9326,
    3.1
   ]
  ],
  "sym_fire": [
   [
    -4.865,
    -6.2685,
    2.5
   ],
   [
    5.2366,
    6.3596,
    3.1
   ]
  ],
  "sym_duck": [
   [
    -5.5629,
    -5.3501,
    2.5
   ],
   [
    5.4094,
    4.7863,
    3.1
   ]
  ],
  "sym_lightning": [
   [
    -3.1466,
    -5.6715,
    2.5
   ],
   [
    3.7264,
    5.7766,
    3.1
   ]
  ],
  "ch_G": [
   [
    -3.7921,
    -5.5387,
    2.485
   ],
   [
    3.7929,
    5.4886,
    3.085
   ]
  ],
  "ch_H": [
   [
    -4.186,
    -5.0139,
    2.485
   ],
   [
    4.228,
    5.491,
    3.085
   ]
  ],
  "ch_J": [
   [
    -3.3218,
    -5.0106,
    2.485
   ],
   [
    3.2828,
    5.4907,
    3.085
   ]
  ],
  "ch_K": [
   [
    -3.9165,
    -5.0101,
    2.485
   ],
   [
    4.1351,
    5.491,
    3.085
   ]
  ],
  "ch_I": [
   [
    -1.6299,
    -5.0101,
    2.485
   ],
   [
    1.6656,
    5.4914,
    3.085
   ]
  ],
  "ch_V": [
   [
    -4.3728,
    -5.0127,
    2.485
   ],
   [
    4.413,
    5.5486,
    3.085
   ]
  ],
  "ch_R": [
   [
    -3.761,
    -5.011,
    2.485
   ],
   [
    3.8326,
    5.4926,
    3.085
   ]
  ],
  "ch_P": [
   [
    -3.7097,
    -5.011,
    2.485
   ],
   [
    3.8904,
    5.4893,
    3.085
   ]
  ],
  "ch_Q": [
   [
    -4.3209,
    -6.1814,
    2.485
   ],
   [
    4.3542,
    5.4929,
    3.085
   ]
  ],
  "ch_M": [
   [
    -4.7967,
    -5.0101,
    2.485
   ],
   [
    4.8353,
    5.4911,
    3.085
   ]
  ],
  "ch_T": [
   [
    -4.0417,
    -5.0119,
    2.485
   ],
   [
    4.0765,
    5.5496,
    3.085
   ]
  ],
  "ch_S": [
   [
    -3.6937,
    -5.0119,
    2.485
   ],
   [
    3.7315,
    5.5489,
    3.085
   ]
  ],
  "ch_O": [
   [
    -4.2679,
    -5.0124,
    2.485
   ],
   [
    4.3016,
    5.4939,
    3.085
   ]
  ],
  "ch_L": [
   [
    -2.9116,
    -5.0128,
    2.485
   ],
   [
    3.1314,
    5.4901,
    3.085
   ]
  ],
  "ch_U": [
   [
    -3.8857,
    -5.0102,
    2.485
   ],
   [
    3.9192,
    5.5496,
    3.085
   ]
  ],
  "ch_N": [
   [
    -4.2696,
    -5.0143,
    2.485
   ],
   [
    4.3061,
    5.491,
    3.085
   ]
  ],
  "ch_8": [
   [
    -3.5913,
    -5.0115,
    2.485
   ],
   [
    3.6298,
    5.491,
    3.085
   ]
  ],
  "ch_7": [
   [
    -3.5214,
    -5.0085,
    2.485
   ],
   [
    3.5556,
    5.4928,
    3.085
   ]
  ],
  "ch_9": [
   [
    -3.6158,
    -5.0102,
    2.485
   ],
   [
    3.6536,
    5.4928,
    3.085
   ]
  ],
  "ch_0": [
   [
    -3.9803,
    -5.0112,
    2.485
   ],
   [
    4.0187,
    5.4915,
    3.085
   ]
  ],
  "ch_Z": [
   [
    -3.644,
    -5.0147,
    2.485
   ],
   [
    3.711,
    5.5487,
    3.085
   ]
  ],
  "ch_2": [
   [
    -3.4262,
    -5.0101,
    2.485
   ],
   [
    3.4577,
    5.4915,
    3.085
   ]
  ],
  "ch_X": [
   [
    -4.4973,
    -5.0131,
    2.485
   ],
   [
    4.5311,
    5.5459,
    3.085
   ]
  ],
  "ch_5": [
   [
    -3.3328,
    -5.0096,
    2.485
   ],
   [
    3.3664,
    5.4918,
    3.085
   ]
  ],
  "ch_3": [
   [
    -3.4117,
    -5.0091,
    2.485
   ],
   [
    3.4481,
    5.492,
    3.085
   ]
  ],
  "ch_Y": [
   [
    -4.4296,
    -5.0101,
    2.485
   ],
   [
    4.4615,
    5.5467,
    3.085
   ]
  ],
  "ch_6": [
   [
    -3.5763,
    -5.0079,
    2.485
   ],
   [
    3.6088,
    5.4918,
    3.085
   ]
  ],
  "ch_W": [
   [
    -4.8086,
    -5.0119,
    2.485
   ],
   [
    4.8444,
    5.5478,
    3.085
   ]
  ],
  "ch_1": [
   [
    -2.7906,
    -5.0092,
    2.485
   ],
   [
    2.6801,
    5.4947,
    3.085
   ]
  ],
  "ch_4": [
   [
    -3.753,
    -5.0092,
    2.485
   ],
   [
    3.79,
    5.4941,
    3.085
   ]
  ],
  "ch_F": [
   [
    -3.3838,
    -5.0119,
    2.485
   ],
   [
    3.5667,
    5.4928,
    3.085
   ]
  ],
  "ch_D": [
   [
    -4.0233,
    -5.0135,
    2.485
   ],
   [
    4.0965,
    5.4936,
    3.085
   ]
  ],
  "ch_C": [
   [
    -3.8185,
    -5.0102,
    2.485
   ],
   [
    3.8523,
    5.4942,
    3.085
   ]
  ],
  "ch_E": [
   [
    -3.395,
    -5.0099,
    2.485
   ],
   [
    3.574,
    5.4928,
    3.085
   ]
  ],
  "ch_B": [
   [
    -3.9295,
    -5.0122,
    2.485
   ],
   [
    4.0391,
    5.491,
    3.085
   ]
  ],
  "sym_clover": [
   [
    -6.0232,
    -5.6988,
    2.5
   ],
   [
    6.16,
    6.0352,
    3.1
   ]
  ],
  "sym_flower": [
   [
    -5.7415,
    -6.1648,
    2.5
   ],
   [
    6.2517,
    6.2877,
    3.1
   ]
  ],
  "sym_moon": [
   [
    -5.3822,
    -5.3654,
    2.5
   ],
   [
    5.7553,
    5.7638,
    3.1
   ]
  ],
  "sym_heart": [
   [
    -5.9782,
    -5.5027,
    2.5
   ],
   [
    6.0038,
    4.8817,
    3.1
   ]
  ],
  "sym_ribbon": [
   [
    -5.9743,
    -4.4357,
    2.5
   ],
   [
    6.1063,
    4.4844,
    3.1
   ]
  ],
  "sym_star": [
   [
    -5.8717,
    -5.7747,
    2.5
   ],
   [
    5.8281,
    5.9238,
    3.1
   ]
  ],
  "base": [
   [
    -13.5,
    -17.502,
    -8.0
   ],
   [
    13.5,
    17.502,
    8.0
   ]
  ],
  "lock": [
   [
    -1.9999,
    -16.2184,
    -6.4
   ],
   [
    2.0,
    -12.2196,
    -3.4
   ]
  ],
  "connector": [
   [
    -7.7323,
    -4.5,
    -1.5
   ],
   [
    7.7323,
    4.5,
    1.5
   ]
  ]
 }
}